category,campus,businesses_1km,metro_businesses,location_quotient
abarrotes,Tec (Campus Monterrey),12,14980,0.15
abarrotes,UANL (Ciudad Universitaria),7,14980,0.41
abarrotes,UDEM (San Pedro),18,14980,0.95
papeleria,Tec (Campus Monterrey),6,3058,0.37
papeleria,UANL (Ciudad Universitaria),6,3058,1.74
papeleria,UDEM (San Pedro),1,3058,0.26
fotocopiado_impresion,Tec (Campus Monterrey),4,1299,0.58
fotocopiado_impresion,UANL (Ciudad Universitaria),8,1299,5.46
fotocopiado_impresion,UDEM (San Pedro),3,1299,1.82
belleza_barberia,Tec (Campus Monterrey),89,11408,1.46
belleza_barberia,UANL (Ciudad Universitaria),8,11408,0.62
belleza_barberia,UDEM (San Pedro),16,11408,1.11
farmacia,Tec (Campus Monterrey),14,1440,1.83
farmacia,UANL (Ciudad Universitaria),1,1440,0.62
farmacia,UDEM (San Pedro),0,1440,0.0
gimnasio,Tec (Campus Monterrey),12,1181,1.91
gimnasio,UANL (Ciudad Universitaria),2,1181,1.5
gimnasio,UDEM (San Pedro),0,1181,0.0
bar,Tec (Campus Monterrey),5,485,1.94
bar,UANL (Ciudad Universitaria),0,485,0.0
bar,UDEM (San Pedro),0,485,0.0
minisuper_conveniencia,Tec (Campus Monterrey),28,2701,1.95
minisuper_conveniencia,UANL (Ciudad Universitaria),9,2701,2.96
minisuper_conveniencia,UDEM (San Pedro),3,2701,0.88
cafeteria,Tec (Campus Monterrey),33,3122,1.98
cafeteria,UANL (Ciudad Universitaria),16,3122,4.55
cafeteria,UDEM (San Pedro),11,3122,2.78
restaurante,Tec (Campus Monterrey),180,16568,2.04
restaurante,UANL (Ciudad Universitaria),17,16568,0.91
restaurante,UDEM (San Pedro),21,16568,1.0
lavanderia,Tec (Campus Monterrey),31,815,7.14
lavanderia,UANL (Ciudad Universitaria),1,815,1.09
lavanderia,UDEM (San Pedro),4,815,3.88
