cell_id,competitors_500m,nearest_competitor_m,businesses_250m,residents_500m,residents_18_24_500m,residents_15_17_500m,dwellings_500m,youth_per_competitor,lat,lon,dist_campus_m,direction,rank,share_18_24
0,6,173.82126239994113,66,6820.0,704.0,235.0,2211.0,101.0,25.651562,-100.304509,1500.0,W,96,0.103
1,9,8.164984279798208,63,7790.0,868.0,326.0,2277.0,87.0,25.644733,-100.302097,1458.0,SW,100,0.111
2,4,71.3108355828993,15,6625.0,713.0,241.0,2097.0,143.0,25.647,-100.302067,1346.0,W,76,0.108
3,6,316.8382334329069,10,5950.0,623.0,195.0,1982.0,89.0,25.649267,-100.302037,1275.0,W,99,0.105
4,4,260.95074132360674,28,6140.0,652.0,206.0,2052.0,130.0,25.651535,-100.302008,1250.0,W,83,0.106
5,7,164.88166994296694,58,5995.0,654.0,209.0,1995.0,82.0,25.653802,-100.301978,1275.0,W,103,0.109
6,10,249.5371499328455,112,5295.0,582.0,188.0,1774.0,53.0,25.656069,-100.301948,1346.0,NW,108,0.11
7,13,127.4231311311432,144,4650.0,504.0,164.0,1564.0,36.0,25.658337,-100.301919,1458.0,NW,113,0.108
8,8,110.54442853917136,81,8360.0,938.0,345.0,2441.0,104.0,25.642438,-100.299625,1414.0,SW,93,0.112
9,8,247.0543252407633,69,6325.0,673.0,220.0,2065.0,75.0,25.644706,-100.299595,1250.0,SW,106,0.106
10,4,211.31024405044727,20,5483.0,654.0,151.0,1978.0,131.0,25.646973,-100.299565,1118.0,SW,81,0.119
11,2,386.0826156221236,33,5264.0,672.0,137.0,1933.0,224.0,25.649241,-100.299536,1031.0,W,43,0.128
12,1,474.5990934100182,32,5351.0,659.0,155.0,1897.0,330.0,25.651508,-100.299506,1000.0,W,24,0.123
13,3,412.1093906269992,35,5065.0,582.0,163.0,1727.0,146.0,25.653775,-100.299476,1031.0,W,75,0.115
14,4,216.0878351232085,79,4444.0,539.0,151.0,1507.0,108.0,25.656043,-100.299447,1118.0,NW,91,0.121
15,4,108.95977490829004,124,4434.0,509.0,153.0,1513.0,102.0,25.65831,-100.299417,1250.0,NW,95,0.115
16,12,51.35035837416567,142,4494.0,479.0,152.0,1536.0,37.0,25.660577,-100.299387,1414.0,NW,112,0.107
17,4,156.78678136977553,34,8301.0,954.0,335.0,2391.0,191.0,25.640144,-100.297153,1458.0,SW,54,0.115
18,5,112.2457403006135,48,6800.0,759.0,234.0,2205.0,126.0,25.642412,-100.297123,1250.0,SW,85,0.112
19,6,354.4236414504142,48,5453.0,761.0,136.0,2089.0,109.0,25.644679,-100.297094,1061.0,SW,90,0.14
20,1,451.8189782438824,56,5194.0,913.0,102.0,2152.0,456.0,25.646946,-100.297064,901.0,SW,14,0.176
21,2,485.38485017154426,58,5112.0,928.0,100.0,2100.0,309.0,25.649214,-100.297034,791.0,W,27,0.182
22,3,419.4600329984722,27,4748.0,817.0,104.0,1845.0,204.0,25.651481,-100.297005,750.0,W,47,0.172
23,1,374.1237567116969,20,3908.0,614.0,102.0,1379.0,307.0,25.653748,-100.296975,791.0,W,28,0.157
24,2,395.1191159382984,70,3934.0,536.0,122.0,1341.0,179.0,25.656016,-100.296945,901.0,NW,57,0.136
25,3,319.7495620502834,108,4576.0,552.0,150.0,1576.0,138.0,25.658283,-100.296915,1061.0,NW,77,0.121
26,10,255.76057462128432,105,5204.0,571.0,178.0,1773.0,52.0,25.66055,-100.296886,1250.0,NW,110,0.11
27,10,211.20228116120785,113,5563.0,578.0,198.0,1861.0,53.0,25.662818,-100.296856,1458.0,NW,109,0.104
28,3,333.9643837190803,33,7065.0,808.0,249.0,2195.0,202.0,25.640117,-100.294652,1346.0,S,48,0.114
29,2,315.5142167893613,23,5798.0,821.0,150.0,2166.0,274.0,25.642385,-100.294622,1118.0,SW,34,0.142
30,1,461.0490563915548,34,5192.0,1057.0,84.0,2295.0,528.0,25.644652,-100.294592,901.0,SW,7,0.204
31,0,513.9007876483121,50,5310.0,1301.0,70.0,2457.0,1301.0,25.646919,-100.294563,707.0,SW,1,0.245
32,3,291.82199972107577,116,4740.0,1168.0,70.0,2089.0,292.0,25.649187,-100.294533,559.0,SW,29,0.246
33,3,176.70919471510126,168,3839.0,963.0,63.0,1583.0,241.0,25.651454,-100.294503,500.0,W,40,0.251
34,3,131.5157915281646,111,3104.0,670.0,65.0,1143.0,168.0,25.653721,-100.294473,559.0,NW,59,0.216
35,3,326.06482403699,102,3518.0,536.0,100.0,1195.0,134.0,25.655989,-100.294444,707.0,NW,78,0.152
36,2,259.951514278646,54,4715.0,594.0,150.0,1618.0,198.0,25.658256,-100.294414,901.0,NW,51,0.126
37,3,260.3231423956482,57,6077.0,667.0,207.0,2070.0,167.0,25.660523,-100.294384,1118.0,NW,61,0.11
38,10,137.91411070232945,72,6826.0,702.0,245.0,2289.0,64.0,25.662791,-100.294354,1346.0,N,107,0.103
39,1,211.65789488603565,29,5924.0,720.0,164.0,2078.0,360.0,25.64009,-100.29215,1275.0,S,21,0.122
40,1,459.6634285729463,10,5524.0,982.0,112.0,2274.0,491.0,25.642358,-100.292121,1031.0,S,9,0.178
41,0,651.549190146158,21,5319.0,1240.0,78.0,2410.0,1240.0,25.644625,-100.292091,791.0,S,2,0.233
42,2,488.523946486465,65,5185.0,1449.0,62.0,2418.0,483.0,25.646892,-100.292061,559.0,SW,11,0.279
43,4,244.38024933771268,141,4317.0,1308.0,52.0,1951.0,262.0,25.64916,-100.292031,354.0,SW,36,0.303
44,4,74.82697533076018,147,3259.0,974.0,48.0,1350.0,195.0,25.651427,-100.292002,250.0,W,52,0.299
45,4,140.08647867116343,124,2714.0,632.0,60.0,961.0,126.0,25.653694,-100.291972,354.0,NW,86,0.233
46,3,193.45765627973856,71,3253.0,527.0,96.0,1083.0,132.0,25.655962,-100.291942,559.0,NW,80,0.162
47,3,126.51672949694812,37,4702.0,602.0,148.0,1599.0,150.0,25.658229,-100.291912,791.0,N,69,0.128
48,5,127.27855881328868,35,6389.0,692.0,214.0,2177.0,115.0,25.660496,-100.291882,1031.0,N,88,0.108
49,8,226.14525534918,29,7223.0,746.0,256.0,2415.0,83.0,25.662764,-100.291853,1275.0,N,102,0.103
50,3,214.87700504600485,38,7861.0,751.0,251.0,2322.0,188.0,25.637796,-100.289679,1500.0,S,55,0.096
51,2,296.08027694763587,24,5955.0,717.0,140.0,2140.0,239.0,25.640063,-100.289649,1250.0,S,41,0.12
52,1,487.07484966168806,24,5417.0,932.0,105.0,2180.0,466.0,25.642331,-100.289619,1000.0,S,13,0.172
53,0,576.2581151971111,83,5155.0,1174.0,86.0,2230.0,1174.0,25.644598,-100.28959,750.0,S,3,0.228
54,1,346.71482636222447,105,4865.0,1354.0,65.0,2172.0,677.0,25.646865,-100.28956,500.0,S,5,0.278
55,3,182.61688396270443,83,4072.0,1155.0,58.0,1743.0,289.0,25.649133,-100.28953,250.0,S,30,0.284
56,4,267.3699343552081,9,3033.0,796.0,55.0,1164.0,159.0,25.6514,-100.2895,0.0,N,65,0.262
57,5,312.1852465327119,26,2246.0,520.0,56.0,731.0,87.0,25.653667,-100.28947,250.0,N,101,0.232
58,4,85.15115620918323,48,2965.0,495.0,89.0,976.0,99.0,25.655935,-100.28944,500.0,N,97,0.167
59,4,195.8849740293521,43,4612.0,567.0,144.0,1570.0,113.0,25.658202,-100.28941,750.0,N,89,0.123
60,5,56.09161897007632,48,5795.0,642.0,187.0,1946.0,107.0,25.660469,-100.289381,1000.0,N,92,0.111
61,8,141.809793056285,24,6511.0,700.0,220.0,2132.0,78.0,25.662737,-100.289351,1250.0,N,105,0.108
62,12,136.9187268288956,62,6353.0,677.0,223.0,2018.0,52.0,25.665004,-100.289321,1500.0,N,111,0.107
63,3,197.2192858149386,81,5501.0,590.0,119.0,1932.0,148.0,25.640036,-100.287148,1275.0,S,72,0.107
64,1,280.64984626313327,69,5184.0,814.0,100.0,1965.0,407.0,25.642304,-100.287118,1031.0,S,17,0.157
65,1,493.59216537308026,86,4931.0,1004.0,91.0,1998.0,502.0,25.644571,-100.287088,791.0,S,8,0.204
66,1,307.7544535479858,83,4651.0,1064.0,77.0,1908.0,532.0,25.646838,-100.287058,559.0,SE,6,0.229
67,2,88.60338124180004,64,3960.0,832.0,74.0,1514.0,277.0,25.649106,-100.287028,354.0,SE,32,0.21
68,3,214.4488625671402,26,3308.0,650.0,72.0,1162.0,162.0,25.651373,-100.286998,250.0,E,64,0.196
69,4,389.5781507088019,7,3133.0,625.0,75.0,1079.0,125.0,25.65364,-100.286969,354.0,NE,87,0.199
70,1,319.4926822859515,6,3324.0,619.0,88.0,1152.0,310.0,25.655908,-100.286939,559.0,NE,26,0.186
71,3,287.52559077824645,28,4442.0,664.0,126.0,1528.0,166.0,25.658175,-100.286909,791.0,N,62,0.149
72,4,182.88193524462983,66,5188.0,653.0,155.0,1741.0,131.0,25.660442,-100.286879,1031.0,N,82,0.126
73,4,160.66090080076563,62,5742.0,636.0,180.0,1879.0,127.0,25.66271,-100.286849,1275.0,N,84,0.111
74,4,73.60620715618184,136,4903.0,485.0,96.0,1664.0,97.0,25.640009,-100.284647,1346.0,S,98,0.099
75,3,212.80686840909212,91,4647.0,635.0,91.0,1669.0,159.0,25.642276,-100.284617,1118.0,SE,66,0.137
76,1,458.4273691134186,7,4635.0,790.0,93.0,1758.0,395.0,25.644544,-100.284587,901.0,SE,19,0.17
77,2,440.6976702205847,42,4781.0,776.0,97.0,1790.0,259.0,25.646811,-100.284557,707.0,SE,37,0.162
78,4,208.0440557709,70,4683.0,752.0,99.0,1720.0,150.0,25.649078,-100.284527,559.0,SE,70,0.161
79,4,42.81318993398278,57,4590.0,817.0,99.0,1678.0,163.0,25.651346,-100.284497,500.0,E,63,0.178
80,3,224.4592407753556,45,4505.0,883.0,100.0,1643.0,221.0,25.653613,-100.284467,559.0,NE,44,0.196
81,3,406.8823480495533,22,4358.0,904.0,101.0,1580.0,226.0,25.655881,-100.284437,707.0,NE,42,0.207
82,1,233.8775501630361,47,4573.0,814.0,119.0,1610.0,407.0,25.658148,-100.284407,901.0,NE,18,0.178
83,3,73.98341271328853,129,5003.0,708.0,141.0,1717.0,177.0,25.660415,-100.284377,1118.0,NE,58,0.142
84,3,168.1606977653527,123,5301.0,617.0,159.0,1770.0,154.0,25.662682,-100.284347,1346.0,N,68,0.116
85,4,291.9870605954554,97,4153.0,394.0,81.0,1382.0,79.0,25.639982,-100.282145,1458.0,SE,104,0.095
86,1,369.877263800641,69,3999.0,494.0,89.0,1401.0,247.0,25.642249,-100.282115,1250.0,SE,39,0.124
87,1,495.3403917678794,8,4465.0,627.0,98.0,1614.0,314.0,25.644517,-100.282085,1061.0,SE,25,0.14
88,1,418.2543112329747,22,5120.0,715.0,110.0,1878.0,358.0,25.646784,-100.282055,901.0,SE,22,0.14
89,4,319.2096536055208,40,5629.0,839.0,118.0,2094.0,168.0,25.649051,-100.282025,791.0,E,60,0.149
90,4,121.40992674991452,94,5734.0,1003.0,119.0,2145.0,201.0,25.651319,-100.281995,750.0,E,49,0.175
91,4,117.38769041943549,72,5432.0,1067.0,116.0,2018.0,213.0,25.653586,-100.281965,791.0,E,46,0.196
92,2,359.0977084957213,22,5132.0,1084.0,116.0,1889.0,361.0,25.655853,-100.281935,901.0,NE,20,0.211
93,1,389.5207973756308,61,5022.0,935.0,126.0,1810.0,468.0,25.658121,-100.281906,1061.0,NE,12,0.186
94,2,320.1582241245547,106,5183.0,764.0,144.0,1811.0,255.0,25.660388,-100.281876,1250.0,NE,38,0.147
95,5,116.82371492163736,85,5311.0,617.0,158.0,1810.0,103.0,25.662655,-100.281846,1458.0,NE,94,0.116
96,0,542.5040227741114,109,3830.0,422.0,97.0,1331.0,422.0,25.642222,-100.279614,1414.0,SE,16,0.11
97,2,314.46014035853176,12,4584.0,548.0,108.0,1629.0,183.0,25.644489,-100.279584,1250.0,SE,56,0.12
98,2,168.70016307793352,22,5277.0,653.0,118.0,1908.0,218.0,25.646757,-100.279554,1118.0,SE,45,0.124
99,5,288.1567458358996,14,5770.0,800.0,125.0,2126.0,133.0,25.649024,-100.279524,1031.0,E,79,0.139
100,4,231.645322632415,67,5935.0,1007.0,127.0,2213.0,201.0,25.651292,-100.279494,1000.0,E,50,0.17
101,3,164.28983172517198,82,5783.0,1102.0,128.0,2150.0,276.0,25.653559,-100.279464,1031.0,E,33,0.191
102,3,354.00952263900336,29,5573.0,1141.0,131.0,2056.0,285.0,25.655826,-100.279434,1118.0,NE,31,0.205
103,0,527.7326130783982,23,5495.0,996.0,142.0,1987.0,996.0,25.658094,-100.279404,1250.0,NE,4,0.181
104,3,346.8166112498805,42,5534.0,779.0,158.0,1948.0,195.0,25.660361,-100.279374,1414.0,NE,53,0.141
105,2,278.2233923160645,83,4588.0,477.0,117.0,1584.0,159.0,25.644462,-100.277083,1458.0,SE,67,0.104
106,3,39.132335000308544,38,5181.0,598.0,125.0,1831.0,150.0,25.64673,-100.277052,1346.0,SE,71,0.115
107,4,219.367092854192,41,5445.0,735.0,129.0,1970.0,147.0,25.648997,-100.277022,1275.0,E,74,0.135
108,5,205.527284962669,100,5543.0,887.0,132.0,2034.0,148.0,25.651264,-100.276992,1250.0,E,73,0.16
109,1,124.79205974314164,155,5670.0,980.0,150.0,2025.0,490.0,25.653532,-100.276962,1275.0,E,10,0.173
110,2,337.4976318224256,57,5626.0,996.0,162.0,1962.0,332.0,25.655799,-100.276932,1346.0,E,23,0.177
111,1,303.1551247362839,29,5750.0,869.0,173.0,1982.0,434.0,25.658066,-100.276902,1458.0,NE,15,0.151
112,2,300.08847559927585,74,5571.0,821.0,163.0,1912.0,274.0,25.651237,-100.274491,1500.0,E,35,0.147
